<?xml version="1.0" encoding="UTF-8"?>
<project-private xmlns="http://www.netbeans.org/ns/project-private/1">
    <editor-bookmarks xmlns="http://www.netbeans.org/ns/editor-bookmarks/2" lastBookmarkId="0"/>
    <open-files xmlns="http://www.netbeans.org/ns/projectui-open-files/2">
        <group>
            <file>file:/home/escm1990/NetBeansProjects/tesisFinal/tesis/TesisAplication/web/resources/templates/administration/delete_master.xhtml</file>
            <file>file:/home/escm1990/NetBeansProjects/tesisFinal/tesis/TesisAplication/web/resources/templates/administration/dashboardAdministration.xhtml</file>
            <file>file:/home/escm1990/NetBeansProjects/tesisFinal/tesis/TesisAplication/src/java/com/tesis/controllers/TesisMastersJpaController.java</file>
            <file>file:/home/escm1990/NetBeansProjects/tesisFinal/tesis/TesisAplication/src/java/com/tesis/model/entity/TesisMasters.java</file>
            <file>file:/home/escm1990/NetBeansProjects/tesisFinal/tesis/TesisAplication/src/java/com/tesis/managed/bean/TesisAdministrationDeleteMasterController.java</file>
            <file>file:/home/escm1990/NetBeansProjects/tesisFinal/tesis/TesisAplication/src/java/com/tesis/managed/bean/TesisAdministrationController.java</file>
        </group>
    </open-files>
</project-private>
